"P/2023 M1","PANSTARRS"
"C/2023 K1","ATLAS"
"C/2023 H5","Lemmon"
"A/2023 H4",
"C/2023 H3","PANSTARRS"
"C/2023 H2","Lemmon"
"C/2023 H1","PANSTARRS"
"C/2023 F2","SOHO"
"C/2023 F1","PANSTARRS"
"C/2023 E1","ATLAS"
"C/2023 C2","ATLAS"
"P/2023 B3","PANSTARRS"
"C/2023 B2","ATLAS"
"P/2023 B1","PANSTARRS"
"C/2023 A3","Tsuchinshan-ATLAS"
"C/2023 A2","SWAN"
"C/2023 A1","Leonard"
"C/2022 Y2","Lemmon"
"C/2022 Y1","Hogan"
"C/2022 W3","Leonard"
"C/2022 W2","ATLAS"
"P/2022 W1","Rankin"
"C/2022 V2","Lemmon"
"C/2022 U4","Bok"
"C/2022 U3","Bok"
"C/2022 U2","ATLAS"
"C/2022 U1","Leonard"
"C/2022 T1","Lemmon"
"C/2022 S5","PANSTARRS"
"C/2022 S4","Lemmon"
"C/2022 S3","PANSTARRS"
"P/2022 S1","PANSTARRS"
"C/2022 R6","PANSTARRS"
"P/2022 R5","PANSTARRS"
"P/2022 R4","PANSTARRS"
"C/2022 R3","Leonard"
"C/2022 R2","ATLAS"
"P/2022 R1","PANSTARRS"
"C/2022 QE78","ATLAS"
"C/2022 Q2","ATLAS"
"C/2022 P3","ZTF"
"P/2022 P2","ZTF"
"C/2022 P1","NEOWISE"
"P/2022 O2","PANSTARRS"
"C/2022 O1","ATLAS"
"C/2022 N2","PANSTARRS"
"C/2022 N1","Attard-Maury"
"P/2022 M1","LONEOS-PANSTARRS"
"C/2022 L4","PANSTARRS"
"P/2022 L3","ATLAS"
"C/2022 L2","ATLAS"
"C/2022 L1","Catalina"
"C/2022 K1","Leonard"
"C/2022 JK5","PANSTARRS"
"C/2022 J2","Bok"
"C/2022 J1","Maury-Attard"
"C/2022 H1","PANSTARRS"
"C/2022 F2","NEOWISE"
"C/2022 F1","ATLAS"
"C/2022 E3","ZTF"
"C/2022 E2","ATLAS"
"C/2022 D2","Kowalski"
"P/2022 D1","PANSTARRS"
"P/2022 C3","PANSTARRS"
"P/2022 C2","PANSTARRS"
"P/2022 C1","PANSTARRS"
"P/2022 BV9","Lemmon"
"C/2022 B4","Bok"
"A/2022 B3",
"P/2022 B1","Wierzchos"
"C/2022 A3","Lemmon-ATLAS"
"C/2022 A2","PANSTARRS"
"C/2022 A1","Sarneczky"
"C/2021 Y1","ATLAS"
"A/2021 X2",
"C/2021 X1","Maury-Attard"
"P/2021 V2","Fuls"
"C/2021 V1","Rankin"
"C/2021 U5","Catalina"
"C/2021 U4","Leonard"
"P/2021 U3","Attard-Maury"
"P/2021 U1","Wierzchos"
"C/2021 T4","Lemmon"
"C/2021 T2","Fuls"
"C/2021 T1","Lemmon"
"C/2021 S4","Tsuchinshan"
"C/2021 S3","PANSTARRS"
"C/2021 S1","ATLAS"
"P/2021 R8","Sheppard"
"C/2021 R7","PANSTARRS"
"P/2021 R6","Groeller"
"P/2021 R5","Rankin"
"P/2021 R4","Wierzchos"
"P/2021 R3","PANSTARRS"
"C/2021 R2","PANSTARRS"
"P/2021 R1","PANSTARRS"
"C/2021 QM45","PANSTARRS"
"C/2021 Q6","PANSTARRS"
"P/2021 Q5","ATLAS"
"C/2021 Q4","Fuls"
"C/2021 Q3","ATLAS"
"P/2021 PE20","ATLAS"
"C/2021 P4","ATLAS"
"P/2021 P3","PANSTARRS"
"C/2021 P2","PANSTARRS"
"C/2021 P1","PANSTARRS"
"C/2021 O3","PANSTARRS"
"C/2021 O1","Nishimura"
"C/2021 N3","PANSTARRS"
"P/2021 N2","Fuls"
"P/2021 N1","ZTF"
"C/2021 L3","Borisov"
"P/2021 L2","Leonard"
"C/2021 K3","Catalina"
"C/2021 K2","MASTER"
"C/2021 K1","ATLAS"
"P/2021 J3","ATLAS"
"C/2021 J2","PANSTARRS"
"C/2021 J1","Maury-Attard"
"P/2021 HS","PANSTARRS"
"C/2021 G3","PANSTARRS"
"C/2021 G2","ATLAS"
"C/2021 G1","Leonard"
"C/2021 F1","Lemmon-PANSTARRS"
"A/2021 E4",
"C/2021 E3","ZTF"
"A/2021 E2",
"C/2021 D2","ZTF"
"C/2021 D1","SWAN"
"C/2021 C6","Lemmon"
"C/2021 C5","PANSTARRS"
"C/2021 C4","ATLAS"
"C/2021 C3","Catalina"
"P/2021 C2","PANSTARRS"
"C/2021 C1","Rankin"
"C/2021 B3","NEOWISE"
"C/2021 B2","PANSTARRS"
"C/2021 A10","NEOWISE"
"C/2021 A9","PANSTARRS"
"C/2021 A7","NEOWISE"
"C/2021 A6","PANSTARRS"
"P/2021 A5","PANSTARRS"
"C/2021 A4","NEOWISE"
"C/2021 A2","NEOWISE"
"C/2021 A1","Leonard"
"C/2020 Y3","ATLAS"
"C/2020 Y2","ATLAS"
"C/2020 X4","Leonard"
"C/2020 X2","ATLAS"
"P/2020 X1","ATLAS"
"P/2020 WJ5","Lemmon"
"C/2020 W5","Lemmon"
"P/2020 W1","Rankin"
"P/2020 V4","Rankin"
"P/2020 V3","PANSTARRS"
"C/2020 V2","ZTF"
"C/2020 U5","PANSTARRS"
"C/2020 U4","PANSTARRS"
"C/2020 U3","Rankin"
"P/2020 U2","PANSTARRS"
"C/2020 T5","Lemmon"
"C/2020 T4","PANSTARRS"
"P/2020 T3","PANSTARRS"
"C/2020 T2","Palomar"
"C/2020 S8","Lemmon"
"P/2020 S7","PANSTARRS"
"P/2020 S5","PANSTARRS"
"C/2020 S4","PANSTARRS"
"C/2020 S3","Erasmus"
"C/2020 S2","PANSTARRS"
"P/2020 S1","PANSTARRS"
"C/2020 R7","ATLAS"
"C/2020 R6","Rankin"
"P/2020 R5","PANSTARRS"
"C/2020 R4","ATLAS"
"C/2020 R2","PANSTARRS"
"C/2020 Q2","PANSTARRS"
"C/2020 Q1","Borisov"
"C/2020 PV6","PANSTARRS"
"C/2020 P3","ATLAS"
"C/2020 P1","NEOWISE"
"P/2020 O3","PANSTARRS"
"C/2020 O2","Amaral"
"C/2020 N2","ATLAS"
"C/2020 N1","PANSTARRS"
"C/2020 M5","ATLAS"
"P/2020 MK4","PANSTARRS"
"A/2020 M4",
"C/2020 M3","ATLAS"
"P/2020 M1","PANSTARRS"
"P/2020 K9","Lemmon-PANSTARRS"
"C/2020 K8","Catalina-ATLAS"
"C/2020 K7","PANSTARRS"
"C/2020 K6","Rankin"
"C/2020 K5","PANSTARRS"
"C/2020 K4","PANSTARRS"
"C/2020 K3","Leonard"
"C/2020 K2","PANSTARRS"
"C/2020 K1","PANSTARRS"
"C/2020 J1","SONEAR"
"C/2020 H11","PANSTARRS-Lemmon"
"A/2020 H9",
"C/2020 H8","PANSTARRS"
"C/2020 H7","Lemmon"
"C/2020 H6","ATLAS"
"C/2020 H5","Robinson"
"C/2020 H4","Leonard"
"C/2020 H3","Wierzchos"
"C/2020 H2","Pruyne"
"P/2020 G1","Pimentel"
"C/2020 F8","SWAN"
"C/2020 F7","Lemmon"
"C/2020 F6","PANSTARRS"
"C/2020 F5","MASTER"
"C/2020 F3","NEOWISE"
"C/2020 F2","ATLAS"
"P/2020 B4","Sheppard"
"C/2020 B3","Rankin"
"A/2020 B1",
"P/2020 A4","PANSTARRS-Lemmon"
"C/2020 A3","ATLAS"
"C/2020 A2","NEOWISE"
"A/2020 A1",
"C/2019 Y5","PANSTARRS"
"C/2019 Y4-D","ATLAS"
"C/2019 Y4-C","ATLAS"
"C/2019 Y4-B","ATLAS"
"C/2019 Y4-A","ATLAS"
"C/2019 Y4","ATLAS"
"C/2019 Y1","ATLAS"
"P/2019 X1","Pruyne"
"P/2019 W1","PANSTARRS"
"P/2019 V2","Groeller"
"C/2019 V1","Borisov"
"C/2019 U6","Lemmon"
"C/2019 U5","PANSTARRS"
"P/2019 U4","PANSTARRS"
"P/2019 T6","PANSTARRS"
"P/2019 T5","ATLAS"
"C/2019 T4","ATLAS"
"C/2019 T3","ATLAS"
"C/2019 T2","Lemmon"
"A/2019 T1",
"C/2019 S4","Lemmon"
"P/2019 S3","PANSTARRS"
"P/2019 S2","PANSTARRS"
"C/2019 Q3","PANSTARRS"
"A/2019 Q2",
"C/2019 Q1","Lemmon"
"A/2019 O4",
"C/2019 O3","Palomar"
"A/2019 O2",
"C/2019 NJ3","Lemmon"
"A/2019 N2",
"C/2019 N1","ATLAS"
"C/2019 M4","TESS"
"C/2019 M3","ATLAS"
"P/2019 M2","ATLAS"
"C/2019 LB7","Kleyna"
"C/2019 L3","ATLAS"
"P/2019 LD2","ATLAS"
"C/2019 L2","NEOWISE"
"C/2019 L1","PANSTARRS"
"C/2019 K8","ATLAS"
"C/2019 K7","Smith"
"C/2019 K6","PANSTARRS"
"C/2019 K5","Young"
"C/2019 K4","Ye"
"C/2019 K1","ATLAS"
"C/2019 JU6","ATLAS"
"C/2019 J3","ATLAS"
"C/2019 J2","Palomar"
"C/2019 J1","Lemmon"
"C/2019 H1","NEOWISE"
"P/2019 GG21","PANSTARRS"
"C/2019 G4","PANSTARRS"
"A/2019 G3",
"A/2019 G2",
"C/2019 F2","ATLAS"
"C/2019 F1","ATLAS-Africano"
"C/2019 E3","ATLAS"
"C/2019 D1","Flewelling"
"C/2019 C1","ATLAS"
"C/2019 B3","PANSTARRS"
"P/2019 B2","Groeller"
"C/2019 B1","Africano"
"C/2019 A9","PANSTARRS"
"P/2019 A8","PANSTARRS"
"P/2019 A6","Lemmon-PANSTARRS"
"C/2019 A5","PANSTARRS"
"P/2019 A4","PANSTARRS"
"P/2019 A3","PANSTARRS"
"P/2019 A2","ATLAS"
"P/2019 A1","PANSTARRS"
"P/2018 Y2","Africano"
"C/2018 Y1","Iwamoto"
"C/2018 X3","PANSTARRS"
"C/2018 X2","Fitzsimmons"
"A/2018 W3",
"C/2018 W2","Africano"
"C/2018 W1","Catalina"
"P/2018 V5","Trujillo-Sheppard"
"C/2018 V4","Africano"
"A/2018 V3",
"P/2018 VN2","Leonard"
"C/2018 V2","ATLAS"
"C/2018 V1","Machholz-Fujikawa-Iwamoto"
"C/2018 U1","Lemmon"
"C/2018 S2","TESS"
"C/2018 R5","Lemmon"
"C/2018 R3","Lemmon"
"C/2018 P5","PANSTARRS"
"P/2018 P4","PANSTARRS"
"P/2018 P3","PANSTARRS"
"C/2018 O1","ATLAS"
"C/2018 N2","ASASSN"
"C/2018 N1","NEOWISE"
"C/2018 M1","Catalina"
"P/2018 L5","Leonard"
"P/2018 L4","PANSTARRS"
"C/2018 L2","ATLAS"
"P/2018 L1","PANSTARRS"
"C/2018 KJ3","Lemmon"
"P/2018 HT3","NEOWISE"
"P/2018 H2","PANSTARRS"
"C/2018 F4-B",
"C/2018 F4-A",
"C/2018 F4","PANSTARRS"
"C/2018 F1","Grauer"
"C/2018 EF9","Lemmon"
"C/2018 EN4","NEOWISE"
"C/2018 E1","ATLAS"
"C/2018 DO4","Lemmon"
"C/2018 C2","Lemmon"
"P/2018 C1","Lemmon-Read"
"C/2018 A6","Gibbs"
"P/2018 A5","PANSTARRS"
"C/2018 A4","PANSTARRS"
"C/2018 A3","ATLAS"
"P/2017 Y3","Leonard"
"C/2017 Y2","PANSTARRS"
"C/2017 X1","PANSTARRS"
"P/2017 W3","Gibbs"
"C/2017 U7","PANSTARRS"
"C/2017 U4","PANSTARRS"
"P/2017 U3","PANSTARRS"
"P/2017 TW13","Lemmon"
"C/2017 T3","ATLAS"
"C/2017 T2","PANSTARRS"
"P/2017 S8","PANSTARRS"
"C/2017 S3","PANSTARRS"
"P/2017 P1","PANSTARRS"
"C/2017 M5","TOTAS"
"C/2017 M4","ATLAS"
"C/2017 K5","PANSTARRS"
"P/2017 K3","Gasparovic"
"C/2017 K2","PANSTARRS"
"P/2017 G2","PANSTARRS"
"P/2017 G1","PANSTARRS"
"P/2017 D4","PANSTARRS"
"P/2017 D1","Fuls"
"P/2017 B4","PANSTARRS"
"C/2017 B3","LINEAR"
"C/2016 X1","Lemmon"
"P/2016 WM48","Lemmon"
"P/2016 S1","PANSTARRS"
"P/2016 R4","Gibbs"
"C/2016 R2","PANSTARRS"
"C/2016 Q4","Kowalski"
"C/2016 Q2","PANSTARRS"
"P/2016 P1","PANSTARRS"
"C/2016 N6","PANSTARRS"
"C/2016 M1","PANSTARRS"
"P/2016 J1-B","PANSTARRS"
"P/2016 J1-A","PANSTARRS"
"P/2016 G1","PANSTARRS"
"P/2016 A7","PANSTARRS"
"P/2016 A3","PANSTARRS"
"P/2016 A2","Christensen"
"P/2015 X6","PANSTARRS"
"P/2015 X3","PANSTARRS"
"C/2015 XY1","Lemmon"
"P/2015 W2","Catalina"
"P/2015 TP200","LINEAR"
"P/2015 TO19","Lemmon-PANSTARRS"
"P/2015 T3","PANSTARRS"
"P/2015 R2","PANSTARRS"
"P/2015 R1","PANSTARRS"
"P/2015 Q2","Pimentel"
"P/2015 PD229","Cameron-ISON"
"P/2015 P4","PANSTARRS"
"P/2015 M2","PANSTARRS"
"P/2015 K5","PANSTARRS"
"P/2015 HG16","PANSTARRS"
"P/2015 D6","Lemmon-PANSTARRS"
"P/2015 D5","Kowalski"
"P/2015 C1","TOTAS-Gibbs"
"P/2015 B4","Lemmon-PANSTARRS"
"P/2015 B1","PANSTARRS"
"P/2015 A3","PANSTARRS"
"P/2014 X1","Elenin"
"P/2014 W4","PANSTARRS"
"P/2014 W1","PANSTARRS"
"P/2014 V1","PANSTARRS"
"C/2014 UN271","Bernardinelli-Bernstein"
"P/2014 U4","PANSTARRS"
"P/2014 OL465","PANSTARRS"
"C/2014 OG392","PANSTARRS"
"P/2014 O3","PANSTARRS"
"P/2014 MG4","Spacewatch-PANSTARRS"
"P/2014 M4","PANSTARRS"
"P/2014 L3","Hill"
"P/2014 L2","NEOWISE"
"C/2014 F3","Sheppard-Trujillo"
"P/2014 C1","TOTAS"
"P/2014 A3","PANSTARRS"
"P/2014 A2","Hill"
"P/2013 YG46","Spacewatch"
"P/2013 W1","PANSTARRS"
"P/2013 T2","Schwartz"
"P/2013 T1","PANSTARRS"
"P/2013 R3-B","Catalina-PANSTARRS"
"P/2013 R3-A","Catalina-PANSTARRS"
"P/2013 R3","Catalina-PANSTARRS"
"P/2013 P1","PANSTARRS"
"P/2013 N5","PANSTARRS"
"P/2013 N3","PANSTARRS"
"P/2013 J2","McNaught"
"P/2013 G4","PANSTARRS"
"P/2013 G1","Kowalski"
"P/2013 AL76","Catalina"
"P/2012 WA34","Lemmon-PANSTARRS"
"P/2012 US27","Siding Spring"
"P/2012 U2","PANSTARRS"
"P/2012 T3","PANSTARRS"
"P/2012 T2","PANSTARRS"
"P/2012 O2","McNaught"
"P/2012 O1","McNaught"
"P/2012 NJ","La Sagra"
"P/2012 K3","Gibbs"
"P/2012 G1","PANSTARRS"
"P/2012 F2","PANSTARRS"
"P/2012 C3","PANSTARRS"
"P/2012 B1","PANSTARRS"
"P/2011 Y2","Boattini"
"P/2011 W1","PANSTARRS"
"P/2011 V1","Boattini"
"P/2011 UA134","Spacewatch-PANSTARRS"
"P/2011 S1","Gibbs"
"P/2011 P1","McNaught"
"P/2011 NO1","Elenin"
"P/2011 N1","ASH"
"C/2011 KP36","Spacewatch"
"P/2011 JB15","Spacewatch-Boattini"
"P/2011 FR143","Lemmon"
"P/2011 C2","Gibbs"
"P/2010 WK","LINEAR"
"P/2010 UH55","Spacewatch"
"C/2010 U3","Boattini"
"P/2010 U1","Boattini"
"P/2010 TO20","LINEAR-Grauer"
"P/2010 T2","PANSTARRS"
"P/2010 OE101","WISE"
"P/2010 JC81","WISE"
"P/2010 J3","McMillan"
"P/2010 H5","Scotti"
"P/2010 H4","Scotti"
"P/2010 H3","SOHO"
"P/2010 H2","Vales"
"P/2010 E2","Jarnac"
"P/2010 D2","WISE"
"P/2010 C1","Scotti"
"P/2010 A3","Hill"
"P/2009 Y2","Kowalski"
"P/2009 WX51","Catalina"
"P/2009 T2","La Sagra"
"P/2009 Q5","McNaught"
"P/2009 O3","Hill"
"C/2009 G1","STEREO"
"P/2009 B1","Boattini"
"P/2008 Y3","McNaught"
"P/2008 O3","Boattini"
"P/2008 L2","Hill"
"P/2007 T2","Kowalski"
"P/2007 S1","Zhao"
"P/2007 Q2","Gilmore"
"P/2007 K2","Gibbs"
"C/2007 D1","LINEAR"
"P/2007 C2","Catalina"
"P/2006 HR30","Siding Spring"
"P/2005 T5","Broughton"
"P/2005 T4","SWAN"
"P/2005 T3","Read"
"P/2005 SB216","LONEOS"
"P/2005 S2","Skiff"
"P/2005 L1","McNaught"
"P/2005 J1","McNaught"
"P/2005 E1","Tubbiolo"
"P/2004 V5","LINEAR-Hill"
"P/2004 V3","Siding Spring"
"P/2004 R3","LINEAR-NEAT"
"P/2004 FY140","LINEAR"
"P/2004 DO29","Spacewatch-LINEAR"
"P/2003 T12","SOHO"
"P/2003 QX29","NEAT"
"P/2003 F2","NEAT"
"C/2002 VQ94","LINEAR"
"P/2002 T6","NEAT-LINEAR"
"P/2002 EJ57","LINEAR"
"P/2001 Q6","NEAT"
"P/2001 H5","NEAT"
"P/2000 R2","LINEAR"
"P/1999 XN120","Catalina"
"P/1999 RO28","LONEOS"
"P/1998 VS24","LINEAR"
"P/1996 R2","Lagerkvist"
"C/1995 O1","Hale-Bopp"
